Segment,Starts (approx),Chapter,Voice,Delivery,Narration (spoken text),Assets needed,Mid-roll after?
S01,0:00,COLD OPEN: How Did This Happen Here?,Atlas,"quiet, grave, unhurried","Bondi Beach. · On the fourteenth of December, twenty twenty-five, the first night of Hanukkah, it became the scene of the deadliest terror attack ever carried out on Australian soil. · Fifteen people were killed.","ST02, SFX13, MG01, SFX24, PH22, MUS10",
S02,0:19,COLD OPEN: How Did This Happen Here?,Ara,"searching, clear","Afterwards, the whole country asked the same question. · How did this happen here? · Police say the gunmen were inspired by Islamic State. But the Australia they struck had been under strain for two years, ever since the war in Gaza began in October twenty twenty-three.","PH22, PH16, PH17, PH24, ST05, ST09, ST12, DOC02, ST13, MG01, SFX21, SFX05, SFX24, SFX06, MUS10",
S03,0:38,COLD OPEN: How Did This Happen Here?,Atlas,"leaning in, conspiratorial","This film follows the threads of that strain. · Some go back seventy-eight years. · One goes back just fourteen months, to a fire · in the same suburb.","MAP01, ST16, SFX05, SFX14, SFX24, SFX02, MUS01",
S04,0:50,COLD OPEN: How Did This Happen Here?,Ara,"quiet, then a chill","October, twenty twenty-four. In the early hours, a small kosher restaurant in Bondi goes up in flames. Nobody is hurt. Police treat it as a local crime. · Seven weeks later, eight hundred kilometres south, a synagogue in Melbourne is firebombed before dawn.","ST03, AI01, PH21, MAP11, PH20, MG01, SFX24, SFX02, SFX03, SFX05, SFX11, MUS01",
S05,1:08,COLD OPEN: How Did This Happen Here?,Atlas,"hushed, ominous",What almost nobody knew then was that the people who lit these fires were allegedly paid. · And the money trail led to a government on the other side of the world.,"AI02, SFX19, SFX21, MUS01",
S06,1:21,COLD OPEN: How Did This Happen Here?,Ara,"warm, intriguing","And on the night of the attack, one man ran toward the gunfire. · His story became one of the most shared in the country. · We'll come back to him.","ST01, SFX21, MUS01",
S07,1:34,COLD OPEN: How Did This Happen Here?,Atlas,"calm, setting the contract with the viewer","None of these threads explains Bondi on its own. · But together, they show the country it happened in. · And to understand that country, we have to follow the money first.","MAP01, SFX05, SFX11, MUS12",
S08,1:54,CHAPTER 1: The Fire,Ara,"investigative, vivid","For months, the fires looked like local crime. But Australia's domestic spy agency, ASIO, kept following the money. · What its investigators found, ASIO's chief later described as a layer cake.","PH24, QT12, MUS12, MUS04, SFX06, SFX21, MG01",
S09,2:09,CHAPTER 1: The Fire,Atlas,"clear, rhythmic","Middlemen overseas. Coordinators. And at the bottom, local criminals, paid to do a job, not to make a point. · Security experts call it crime as a service. · It's cheap. It's deniable. And it's very hard to detect.","MAP06, SFX06, SFX05, MUS04",
S10,2:25,CHAPTER 1: The Fire,Ara,"formal, then weighty","August, twenty twenty-five. The Prime Minister announces ASIO's assessment. · According to ASIO, Iran's Islamic Revolutionary Guard Corps directed at least two of the attacks. The Bondi restaurant fire, and the Melbourne synagogue. · He called them, quote, extraordinary and dangerous acts of aggression, orchestrated by a foreign nation on Australian soil.","DOC03, PH21, PH20, QT01, PH07, MG01, MG02, SFX24, SFX11, SFX21, SFX19, MUS04",
S11,2:47,CHAPTER 1: The Fire,Atlas,"grave, then pointed","Australia expelled Iran's ambassador. The first expulsion of an ambassador since the Second World War. Iran denied any involvement. · In Parliament, Opposition Leader Sussan Ley said the attacks aimed to, quote, turn neighbour against neighbour, and Australian against Australian. · Remember those words.","AI07, DOC19, FT07, QT02, PH29, MG02, SFX22, SFX06, SFX19, SFX21, MUS04",
S12,3:05,CHAPTER 1: The Fire,Ara,"turning, building a bridge","That was one hundred and ten days before Bondi. · But why would anyone use a fire in Bondi as a weapon at all? · To answer that, we have to go back to a vote Australia cast first.","MAP01, MG01, ST16, SFX24, SFX02, SFX07, MUS04",YES
S13,3:21,CHAPTER 2: Two Memories,Atlas,"storytelling, quiet surprise","November, nineteen forty-seven. The new United Nations votes on a plan to divide Palestine into a Jewish state and an Arab state. · The committee behind it is chaired by Australia's foreign minister. · And the first country to vote yes · is Australia.","PH26, FT05, DOC01, MAP03, DOC02, MG01, MUS12, MUS02, SFX07, SFX24, SFX05, SFX20",
S14,3:43,CHAPTER 2: Two Memories,Ara,"warm, vivid","Thirty years earlier, Australian Light Horsemen had charged at Beersheba, helping open the road to Jerusalem. · So Australians shaped this land twice. · Once on horseback. And once at a ballot.","ST06, AI03, FT02, PH02, MAP02, DOC02, SFX21, SFX24, SFX16, SFX19, MUS02",
S15,3:58,CHAPTER 2: Two Memories,Atlas,"soft, even, equal weight to both halves","For many Jewish people, that vote is remembered as a rescue, after the Holocaust. · For Palestinians, what followed in nineteen forty-eight is remembered as the Nakba. The catastrophe. When more than seven hundred thousand people fled or were expelled from their homes. · The same event. · Remembered in two opposite ways.","PH03, PH04, MUS06, SFX21",
S16,4:22,CHAPTER 2: Two Memories,Ara,"warm, grounded","Both memories sailed to Australia. · Melbourne became home to one of the largest communities of Holocaust survivors, per person, outside Israel. Palestinian, Lebanese and other Arab families settled in Sydney's south-west. · Today, more than one hundred thousand Jewish Australians, and more than eight hundred thousand Muslim Australians, call this country home.","AI05, PH05, PH06, MAP04, DOC10, SFX05, SFX06, MUS02",
S17,4:43,CHAPTER 2: Two Memories,Atlas,"connecting, forward hook","So when war comes to the Middle East, it doesn't stay there. · It arrives in Australian homes, as family. · And in the two years before Bondi, it arrived in Canberra too.","ST03, MAP01, MG01, SFX05, SFX24, SFX06, MUS07",
S18,4:57,CHAPTER 3: Canberra's Choices,Ara,"clear, a small reveal","First, a choice almost nobody noticed. · Dozens of Australian companies make parts for the F-35 fighter jet, and those parts go into a shared global pool. · Australia's air force flies the F-35. · So does Israel's.","ST07, AI04, FT01, MAP05, SFX10, SFX19, SFX05, SFX06, SFX09, MUS12, MUS07",
S19,5:15,CHAPTER 3: Canberra's Choices,Atlas,"neutral, both cases in identical tone","Critics, including aid groups and the Greens, say that makes Australia part of the war. · The government says Australia has not supplied weapons or ammunition to Israel since the war began, and that leaving the pool would weaken Australia's own defence, without grounding a single Israeli jet.","DOC13, SFX18, MUS07",
S20,5:35,CHAPTER 3: Canberra's Choices,Ara,"historic, connecting the dots","Then, a choice everyone noticed. · In August twenty twenty-five, the Prime Minister announced Australia would recognise the State of Palestine. He called a two-state solution, quote, humanity's best hope to break the cycle of violence. · And he reminded the country that Australia had been the first to back the U.N. plan, back in nineteen forty-seven.","QT06, PH07, DOC02, MG01, SFX24, SFX20, SFX06, MUS07",
S21,5:59,CHAPTER 3: Canberra's Choices,Atlas,"neutral, attacked from both sides","It was made official at the United Nations in September, with conditions. No role for Hamas, demilitarisation, and Palestinian elections. · And it was attacked from both directions. The Coalition, Israel's government and many Jewish groups said it rewarded Hamas. · A pro-Palestinian advocacy group called it, quote, completely meaningless, while Australia still traded with Israel.","FT04, MAP08, DOC09, QT07, SFX05, SFX11, SFX21, MUS07",
S22,6:22,CHAPTER 3: Canberra's Choices,Ara,"tense, reading plainly","Then it turned personal. · Israel's prime minister posted that history would remember Albanese as, quote, a weak politician who betrayed Israel and abandoned Australia's Jews. · Albanese replied, quote, I don't take these things personally.","PH10, PH07, QT08, QT09, MG01, MG02, SFX24, SFX05, SFX17, MUS07",
S23,6:38,CHAPTER 3: Canberra's Choices,Atlas,"weighty, then a turn inward","Visas were cancelled on both sides. Relations between two old friends sank to their lowest point in decades. · Abroad, Canberra was making choices. · But for some Australian families, the war had already come much closer.","MAP01, ST13, SFX19, SFX11, MUS06",
S24,6:53,CHAPTER 4: Australian Lives,Ara,"tender, slow","Zomi Frankcom grew up in Melbourne. She spent years feeding people in disaster zones. · On the first of April, twenty twenty-four, she and six colleagues from World Central Kitchen were killed, when Israeli drone strikes hit their clearly marked convoy in Gaza.","PH15, ST13, MAP07, MG01, MG02, MUS06",
S25,7:16,CHAPTER 4: Australian Lives,Atlas,"steady, three voices read plainly","Prime Minister Albanese called it, quote, completely unacceptable. · Israel's prime minister said his forces had, quote, unintentionally harmed non-combatants. · Her family said she would leave, quote, a legacy of compassion, bravery and love.","QT03, QT04, QT05, ST13, MUS06",
S26,7:30,CHAPTER 4: Australian Lives,Ara,"factual, gentle","A former Defence Force chief reviewed Israel's investigation for Australia. He found serious failures, but no evidence the convoy had been knowingly targeted. · In twenty twenty-six, Israel's military cleared its soldiers of criminal wrongdoing. Her family called that a miscarriage of justice.","DOC06, DOC21, SFX18, MUS06",
S27,7:48,CHAPTER 4: Australian Lives,Atlas,"empathetic, then even","Australians were also among those killed or affected in Israel. And Australian-Palestinians lost parents, siblings and cousins in Gaza. · Australia granted thousands of visitor visas to people fleeing Gaza. Supporters called it basic humanity. The opposition said vetting was rushed. The government said every applicant was checked.","PH18, PH19, AI05, ST09, SFX19, SFX06, MUS06",
S28,8:07,CHAPTER 4: Australian Lives,Ara,quietly ominous,"For these families, the war was never far away. · And at home, it was pulling the country in two.","MAP01, MG01, SFX21, SFX24, MUS09",YES
S29,8:15,CHAPTER 5: A Country Under Strain,Atlas,"grave, steady","It began on the seventh of October, twenty twenty-three. · Hamas-led fighters crossed from Gaza into southern Israel. Around twelve hundred people were killed, most of them civilians, and around two hundred and fifty were taken hostage.","MAP07, PH18, MG01, SFX04, MUS09",
S30,8:34,CHAPTER 5: A Country Under Strain,Ara,"heavy, careful, then precise and attributed","It was the deadliest day for Jewish people since the Holocaust. · Israel's military campaign in Gaza lasted two years. · Gaza's Health Ministry, run by Hamas, reported tens of thousands of Palestinians killed. U.N. agencies broadly treated those figures as reliable, and Israel disputed them. · U.N.-backed experts declared famine in parts of the territory.","PH19, DOC12, DOC11, SFX05, SFX04, SFX18, MUS09",
S31,9:00,CHAPTER 5: A Country Under Strain,Atlas,"tense, fair","Back home, two days after October the seventh, the Opera House sails were lit in Israel's colours. That night, a pro-Palestinian rally gathered below. · Flares were lit, and antisemitic chanting caused national outrage, though a later police review disputed exactly what was said.","PH16, ST04, DOC17, MG01, SFX24, SFX08, SFX18, MUS09",
S32,9:18,CHAPTER 5: A Country Under Strain,Ara,"even, two matched cases","The fight moved onto phones and into courtrooms. · The private details of hundreds of Jewish writers and artists were published online, and Parliament made malicious doxxing a crime. · An ABC presenter was taken off air after sharing a human rights report on Gaza, and the Federal Court later found she'd been unlawfully sacked. · Two cases. Opposite sides.","AI09, DOC08, AI12, DOC07, SFX17, SFX19, SFX15, SFX05, MUS09",
S33,9:43,CHAPTER 5: A Country Under Strain,Atlas,a divided country,"Tens of thousands marched across the Harbour Bridge in the rain. · Jewish groups recorded record numbers of antisemitic incidents. Muslim Australians, especially women wearing the hijab, reported record abuse. · The government appointed two special envoys, one to combat antisemitism, and one to combat Islamophobia.","PH17, ST15, SFX23, DOC14, DOC15, ST20, ST21, DOC18, MG01, SFX24, SFX05, SFX06, SFX18, MUS09",
S34,10:02,CHAPTER 5: A Country Under Strain,Ara,"realisation, the big payoff","Now look back. · The fires. The jet parts. The expelled ambassador. The recognition. The court cases. The visas. · All of it, in the two years before Bondi.","ST16, AI04, QT01, DOC02, DOC07, ST09, MAP01, MG01, SFX24, SFX14, SFX11, MUS09",
S35,10:22,CHAPTER 5: A Country Under Strain,Atlas,"hopeful for a beat, then two slow words","In October twenty twenty-five, a U.S.-brokered ceasefire brought the surviving hostages home. · Many hoped the worst was over. · Sixty-five days later, · it wasn't.","DOC20, MAP01, MG01, SFX18, SFX24, MUS09",
S36,10:35,CHAPTER 6: Bondi,Ara,quiet dread,"Remember the fire, fourteen months earlier, in the same suburb? · Hanukkah is the festival of lights. · On its first night, around a thousand people gathered by the beach to celebrate.","ST01, ST16, ST13, MG01, SFX13, MUS10",
S37,10:50,CHAPTER 6: Bondi,Atlas,"grief, restrained","Two gunmen, a father and son, opened fire. Police shot the father dead. His son was arrested. · Fifteen people were killed. Among them, a ten-year-old girl, a retired police officer, a rabbi, and a Holocaust survivor.","MAP10, PH22, MUS10",
S38,11:08,CHAPTER 6: Bondi,Ara,"solemn, plain","That night, the Prime Minister said, quote, · an attack on Jewish Australians is an attack on every Australian.","QT10, PH22, MUS10",
S39,11:18,CHAPTER 6: Bondi,Atlas,"quiet courage, building","And in the middle of the horror, one man crouched behind a parked car, waited, and ran at one of the gunmen. · He wrestled the gun away. · He was shot and wounded.","AI10, MUS10",
S40,11:32,CHAPTER 6: Bondi,Ara,"warm, a lump in the throat","His name is Ahmed al Ahmed. · A Syrian-born Muslim. A father of two, who runs a fruit shop. · The attack was aimed at Jewish Australians. · And one of the people who stood in its way was a Muslim Australian.","PH27, ST19, ST13, MG02, MUS10",
S41,11:52,CHAPTER 6: Bondi,Atlas,"careful, fair","The Prime Minister called his bravery, quote, an inspiration for all Australians. · Police say the gunmen were inspired by Islamic State. · And some warn that seeing Bondi only through Israel and Gaza risks missing the extremism behind it, or blaming whole communities for the acts of two men.","QT11, MAP01, MUS10",
S42,12:13,CHAPTER 6: Bondi,Ara,"steady, then resonant","Twenty-five days after the attack, the government called a Royal Commission on Antisemitism and Social Cohesion, led by a former Chief Justice. · In February, Israel's President visited Canberra to comfort grieving families. In April, the commission called for tougher national gun laws. · Its final report is due on the fourteenth of December, twenty twenty-six. · One year to the day.","DOC04, PH13, PH09, DOC05, DOC16, FT06, MAP01, MG01, SFX24, SFX19, SFX21, MUS10, MUS11",
S43,12:38,CLOSING,Atlas,"stillness, then rhythm","So, what does a war fourteen thousand kilometres away have to do with Bondi? · It didn't pull the trigger. · But for two years, it pulled at the country. A vote Australia cast first. Parts in a fighter jet. Fires paid for from abroad.","ST02, MAP01, SFX13, SFX06, MUS11",
S44,12:57,CLOSING,Ara,quiet conviction,"An ambassador expelled. A recognition. Australians grieving on both sides. · A foreign state tried to turn neighbour against neighbour. · On a beach in Bondi, one neighbour ran toward the danger, for another.","MAP01, SFX06, SFX21, QT02, ST13, MUS11",
S45,13:14,CLOSING,Atlas,"warm, final","Maybe the real question isn't about the Middle East at all. It's whether a country built by people from everywhere can hold two communities' grief at the same time, without asking either to give up theirs. · What Australia does next will say less about Gaza, · and more about us.","PH05, PH03, PH04, PH15, PH22, AI11, ST17, MUS11, MUS12",
S46,13:41,CLOSING,Ara,"gentle, caring","Is this Australia's issue? Tell us what you think. · And if any of this has been hard to watch, you're not alone. Support details are in the description.","MUS12, SFX06",
