ID,Asset,File name,Used in segments,Starts at (approx),Free source,Search terms / AI prompt,Licence & credit rule,Key,FREE SWAP fallback,Cost ($),Status,Credit line (copy from source),Notes
SFX02,Fire ignition whoosh and crackle,SFX02_fire.mp3,"S03, S04, S12","0:38, 0:50, 3:05",Pixabay Sound Effects / Freesound (CC0 filter) / Mixkit,fire whoosh crackle,As above,FREE SWAP,—,0,Not started,,
SFX03,Distant siren,SFX03_siren.mp3,S04,0:50,Pixabay Sound Effects / Freesound (CC0 filter) / Mixkit,distant siren night,As above,FREE SWAP,—,0,Not started,,
SFX04,Typewriter keys,SFX04_typewriter.mp3,"S29, S30","8:15, 8:34",Pixabay Sound Effects / Freesound (CC0 filter) / Mixkit,typewriter typing,As above,FREE SWAP,—,0,Not started,,
SFX05,"Soft whoosh (map lines, thread)",SFX05_whoosh.mp3,"S02, S03, S04, S07, S09, S13, S16, S17, S18, S21, S22, S30, S32, S33","0:19, 0:38, 0:50, 1:34, 2:09, 3:21 …",Pixabay Sound Effects / Freesound (CC0 filter) / Mixkit,soft whoosh swoosh,As above,FREE SWAP,—,0,Not started,,
SFX06,Digital tick,SFX06_tick.mp3,"S02, S08, S09, S11, S16, S17, S18, S20, S27, S33, S43, S44, S46","0:19, 1:54, 2:09, 2:47, 4:22, 4:43 …",Pixabay Sound Effects / Freesound (CC0 filter) / Mixkit,ui tick click digital,As above,FREE SWAP,—,0,Not started,,
SFX07,Film projector rattle,SFX07_projector.mp3,"S12, S13","3:05, 3:21",Pixabay Sound Effects / Freesound (CC0 filter) / Mixkit,film projector loop,As above,FREE SWAP,—,0,Not started,,
SFX08,"Crowd ambience, distant",SFX08_crowd.mp3,S31,9:00,Pixabay Sound Effects / Freesound (CC0 filter) / Mixkit,crowd ambience distant protest,As above,FREE SWAP,—,0,Not started,,
SFX09,Jet flyby,SFX09_jet.mp3,S18,4:57,Pixabay Sound Effects / Freesound (CC0 filter) / Mixkit,jet flyby,As above,FREE SWAP,—,0,Not started,,
SFX10,Factory machining,SFX10_machining.mp3,S18,4:57,Pixabay Sound Effects / Freesound (CC0 filter) / Mixkit,cnc machining factory,As above,FREE SWAP,—,0,Not started,,
SFX11,Low sub boom (reveals only),SFX11_boom.mp3,"S04, S07, S10, S21, S23, S34","0:50, 1:34, 2:25, 5:59, 6:38, 10:02",Pixabay Sound Effects / Freesound (CC0 filter) / Mixkit,cinematic boom impact low,As above,FREE SWAP,—,0,Not started,,
SFX13,Morning waves and gulls,SFX13_waves_gulls.mp3,"S01, S36, S43","0:00, 10:35, 12:38",Pixabay Sound Effects / Freesound (CC0 filter) / Mixkit,ocean waves seagulls morning,As above,FREE SWAP,—,0,Not started,,
SFX14,Riser,SFX14_riser.mp3,"S03, S34","0:38, 10:02",Pixabay Sound Effects / Freesound (CC0 filter) / Mixkit,cinematic riser,As above,FREE SWAP,—,0,Not started,,
SFX15,Gavel,SFX15_gavel.mp3,S32,9:18,Pixabay Sound Effects / Freesound (CC0 filter) / Mixkit,gavel strike,As above,FREE SWAP,—,0,Not started,,
SFX16,Horse hooves galloping,SFX16_hooves.mp3,S14,3:43,Pixabay Sound Effects / Freesound (CC0 filter) / Mixkit,horses galloping,As above,FREE SWAP,—,0,Not started,,
SFX17,Phone notification ping,SFX17_ping.mp3,"S22, S32","6:22, 9:18",Pixabay Sound Effects / Freesound (CC0 filter) / Mixkit,notification ping,As above,FREE SWAP,—,0,Not started,,
SFX18,Paper slide / page turn,SFX18_paper.mp3,"S19, S26, S30, S31, S33, S35","5:15, 7:30, 8:34, 9:00, 9:43, 10:22",Pixabay Sound Effects / Freesound (CC0 filter) / Mixkit,paper slide page turn,As above,FREE SWAP,—,0,Not started,,
SFX19,Rubber stamp thud,SFX19_stamp.mp3,"S05, S10, S11, S14, S18, S23, S27, S32, S42","1:08, 2:25, 2:47, 3:43, 4:57, 6:38 …",Pixabay Sound Effects / Freesound (CC0 filter) / Mixkit,rubber stamp,As above,FREE SWAP,—,0,Not started,,
SFX20,Marker squeak,SFX20_marker.mp3,"S13, S20","3:21, 5:35",Pixabay Sound Effects / Freesound (CC0 filter) / Mixkit,marker pen squeak,As above,FREE SWAP,—,0,Not started,,
SFX21,Pin thunk,SFX21_thunk.mp3,"S02, S05, S06, S08, S10, S11, S14, S15, S21, S28, S42, S44","0:19, 1:08, 1:21, 1:54, 2:25, 2:47 …",Pixabay Sound Effects / Freesound (CC0 filter) / Mixkit,pin board thunk; soft thud,As above,FREE SWAP,—,0,Not started,,
SFX22,Heavy door close,SFX22_door.mp3,S11,2:47,Pixabay Sound Effects / Freesound (CC0 filter) / Mixkit,heavy door close,As above,FREE SWAP,—,0,Not started,,
SFX23,Rain and city,SFX23_rain.mp3,S33,9:43,Pixabay Sound Effects / Freesound (CC0 filter) / Mixkit,rain city ambience,As above,FREE SWAP,—,0,Not started,,
SFX24,"Countdown tick (low, heartbeat-like single tick)",SFX24_countdown_tick.mp3,"S01, S02, S03, S04, S10, S12, S13, S14, S17, S20, S22, S28, S31, S33, S34, S35, S42","0:00, 0:19, 0:38, 0:50, 2:25, 3:05 …",Pixabay Sound Effects / Freesound (CC0 filter) / Mixkit,low clock tick heartbeat; deep single tick,CC0 / Pixabay licence,FREE SWAP,SFX06 pitched down,0,Not started,,
